<assembly>
	<id>assemble-pu</id>
	<formats>
		<format>dir</format>
		<format>jar</format>
	</formats>
	<includeBaseDirectory>false</includeBaseDirectory>
	<fileSets>
		<fileSet>
			<directory>.target/classes</directory>
			<lineEnding>keep</lineEnding>
			<outputDirectory>/</outputDirectory>
			<includes>
				<include>**/**</include>
			</includes>
		</fileSet>
	</fileSets>
	<dependencySets>
 		<dependencySet>
			<useProjectArtifact>false</useProjectArtifact>
			<useTransitiveDependencies>true</useTransitiveDependencies>
			<useTransitiveFiltering>true</useTransitiveFiltering>
			<outputDirectory>lib</outputDirectory>
			<includes>
				<include>cglib:cglib</include>
				<include>aopalliance:aopalliance</include>
				<include>antlr:antlr</include>
				<include>com.gigaspaces.settlement:common</include>
			</includes>
		</dependencySet>
		
		
		<dependencySet>
			<useProjectArtifact>false</useProjectArtifact>
			<useTransitiveDependencies>false</useTransitiveDependencies>
			<outputDirectory>lib</outputDirectory>
			<includes>

			</includes>
		</dependencySet>
	</dependencySets>
</assembly>