<?xml version="1.0" encoding="UTF-8"?>
<beans xmlns="http://www.springframework.org/schema/beans"
	xmlns:xsi="http://www.w3.org/2001/XMLSchema-instance" xmlns:os-core="http://www.openspaces.org/schema/core"
	xmlns:amq="http://activemq.apache.org/schema/core"
	xmlns:jms="http://www.springframework.org/schema/jms"
	xmlns:os-events="http://www.openspaces.org/schema/events"
	xmlns:os-remoting="http://www.openspaces.org/schema/remoting"
	xmlns:jee="http://www.springframework.org/schema/jee" xmlns:os-sla="http://www.openspaces.org/schema/sla"
	xsi:schemaLocation="http://www.springframework.org/schema/beans http://www.springframework.org/schema/beans/spring-beans.xsd
       http://www.openspaces.org/schema/core http://www.openspaces.org/schema/core/openspaces-core.xsd
       http://activemq.apache.org/schema/core http://activemq.apache.org/schema/core/activemq-core-5.5.0.xsd
       http://www.openspaces.org/schema/events http://www.openspaces.org/schema/events/openspaces-events.xsd
       http://www.openspaces.org/schema/remoting http://www.openspaces.org/schema/remoting/openspaces-remoting.xsd
       http://www.springframework.org/schema/jee http://www.springframework.org/schema/jee/spring-jee-3.0.xsd
       http://www.springframework.org/schema/jms http://www.springframework.org/schema/jms/spring-jms-3.0.xsd
       http://www.openspaces.org/schema/sla http://www.openspaces.org/schema/sla/openspaces-sla.xsd">
	<!-- ========================================================================================================== -->


	<!-- creates an activemq connection factory using the amq namespace -->
	<amq:connectionFactory id="amqConnectionFactory"
		brokerURL="tcp://sk-GS:61616"/>
		
	<!-- CachingConnectionFactory Definition, sessionCacheSize property is the 
		number of sessions to cache -->
	<bean id="connectionFactory"
		class="org.springframework.jms.connection.CachingConnectionFactory">
		<constructor-arg ref="amqConnectionFactory" />
		<property name="sessionCacheSize" value="100" />
	</bean>

	<!-- JmsTemplate Definition -->
	<bean id="jmsTemplate" class="org.springframework.jms.core.JmsTemplate">
		<constructor-arg ref="connectionFactory" />
	</bean>

	<bean id="sender" class="jms.client.JmsQueueSender">
		<property name="jmsTemplate" ref="jmsTemplate" />
	</bean>

	<bean id="listener" class="jms.client.JMSQueueReceiver"/>
	
	<bean id="receiver" class="org.springframework.jms.listener.DefaultMessageListenerContainer">
	    <property name="connectionFactory" ref="connectionFactory"/>
	    <property name="destinationName" value="gigaspaces.helloworld.jms.exampleQueue"/>
	    <property name="messageListener" ref="listener" />
	</bean>
	
</beans>