<?xml version="1.0" encoding="utf-8"?>
<beans 	xmlns="http://www.springframework.org/schema/beans" 	xmlns:xsi="http://www.w3.org/2001/XMLSchema-instance" 	xmlns:context="http://www.springframework.org/schema/context" 	xmlns:os-core="http://www.openspaces.org/schema/core" 	xmlns:os-events="http://www.openspaces.org/schema/events" 	xmlns:os-remoting="http://www.openspaces.org/schema/remoting" 	xmlns:os-sla="http://www.openspaces.org/schema/sla" 	xsi:schemaLocation="http://www.springframework.org/schema/beans http://www.springframework.org/schema/beans/spring-beans.xsd http://www.springframework.org/schema/context http://www.springframework.org/schema/context/spring-context.xsd http://www.openspaces.org/schema/core http://www.openspaces.org/schema/core/openspaces-core.xsd http://www.openspaces.org/schema/events http://www.openspaces.org/schema/events/openspaces-events.xsd http://www.openspaces.org/schema/remoting http://www.openspaces.org/schema/remoting/openspaces-remoting.xsd http://www.openspaces.org/schema/sla http://www.openspaces.org/schema/sla/openspaces-sla.xsd">
    <bean class="org.springframework.beans.factory.config.PropertyPlaceholderConfigurer">
        <property name="properties">
            <props>
                <prop key="LOOKUPLOCATORS"></prop>
            </props>
        </property>
    </bean>
<!-- Enables the usage of @GigaSpaceContext annotation based injection. -->
    <os-core:giga-space-context />
<!--  Enables Spring Annotation configuration  -->
    <context:annotation-config />
<!-- Enables using @Polling and @Notify annotations -->
    <os-events:annotation-support />
<!-- Enables using @RemotingService as well as @SyncProxy (and others) annotations -->
    <os-remoting:annotation-support />
    <bean id="webLayerLoadBalancerListener" class="com.eauction.gigaspaces.loadbalancer.WebLayerLoadBalancerListener">
        <property name="monitoredProcessingUnits" ref="monitoredProcessingUnits" />
        <property name="adminFactory" ref="adminFactory" />
        <property name="loadBalancerAgent" ref="apacheLoadBalancerAgent" />
    </bean>
    <bean id="apacheLoadBalancerAgent" class="com.eauction.gigaspaces.loadbalancer.apache.ApacheLoadBalancerAgent">
        <property name="apacheLocation" value="D:/GigaSpacesTraining/Apache2.2" />
    </bean>
    <bean id="adminFactory" class="org.openspaces.admin.AdminFactory" />
    <bean id="monitoredProcessingUnits" class="java.util.LinkedList">
        <constructor-arg>
            <list>
                <value>eauction-web-gigaspaces</value>
                <value>eauction-web-hibernate</value>
            </list>
        </constructor-arg>
    </bean>
</beans>
