<?xml version="1.0" encoding="UTF-8"?>
<beans xmlns="http://www.springframework.org/schema/beans"
	xmlns:xsi="http://www.w3.org/2001/XMLSchema-instance"
      xmlns:os-core="http://www.openspaces.org/schema/core"
      xmlns:os-events="http://www.openspaces.org/schema/events"
      xmlns:os-remoting="http://www.openspaces.org/schema/remoting"
	
	xsi:schemaLocation="http://www.springframework.org/schema/batch http://www.springframework.org/schema/batch/spring-batch-2.1.xsd
	      http://www.openspaces.org/schema/core http://www.openspaces.org/schema/core/openspaces-core.xsd
      http://www.openspaces.org/schema/events http://www.openspaces.org/schema/events/openspaces-events.xsd
      http://www.openspaces.org/schema/remoting http://www.openspaces.org/schema/remoting/openspaces-remoting.xsd	
		http://www.springframework.org/schema/beans http://www.springframework.org/schema/beans/spring-beans.xsd"
	xmlns:p="http://www.springframework.org/schema/p">
		
	<bean id="itemReader" class="com.gigaspaces.springbatch.SpaceItemReader" >
		<property name="blocking" value="false"/>
		<property name="dedicatedWorker" value="true"/>
	</bean>
	
	<bean id="itemWriter" class="com.gigaspaces.springbatch.SpaceItemWriter" />
	<bean id="itemProcessor" class="com.gigaspaces.springbatch.SpaceItemProcessor" />

    <job id="spaceJob" xmlns="http://www.springframework.org/schema/batch" restartable="false" >
        <step id="step1" >
            <tasklet>
                <chunk reader="itemReader" writer="itemWriter" processor="itemProcessor" commit-interval="2" />
            </tasklet>            
        </step>
    </job>

	<bean id="jobRepository" class="org.springframework.batch.core.repository.support.MapJobRepositoryFactoryBean">
		<property name="transactionManager" ref="transactionManager"/>
	</bean>

	<bean id="jobLauncher" class="org.springframework.batch.core.launch.support.SimpleJobLauncher">
		<property name="jobRepository" ref="jobRepository" />
	</bean>

	<bean id="jobRunner" class="com.gigaspaces.springbatch.JobRunner">
	</bean>

	<bean id="jobRegistry" class="org.springframework.batch.core.configuration.support.MapJobRegistry" />
 	
	<bean id="transactionManager" class="org.springframework.jdbc.datasource.DataSourceTransactionManager" lazy-init="true">
		<property name="dataSource" ref="dataSource" />
	</bean>

    <bean id="dataSource" class="org.apache.commons.dbcp.BasicDataSource" destroy-method="close" >
        <property name="driverClassName" value="org.hsqldb.jdbcDriver"/>
        <property name="url" value="jdbc:hsqldb:hsql://localhost/xdb"/>		
        <property name="username" value="sa"/>
        <property name="password" value=""/>
    </bean>

	<os-core:space id="space" url="jini://*/*/mySpace"/>
	<os-core:giga-space id="gigaSpace" space="space" />
	<os-core:giga-space-context/>
</beans>