<?xml version="1.0" encoding="utf-8"?>
<beans xmlns="http://www.springframework.org/schema/beans"
       xmlns:xsi="http://www.w3.org/2001/XMLSchema-instance"
       xmlns:context="http://www.springframework.org/schema/context"
       xmlns:os-core="http://www.openspaces.org/schema/core"
       xmlns:os-events="http://www.openspaces.org/schema/events"
       xmlns:os-remoting="http://www.openspaces.org/schema/remoting"
       xmlns:os-sla="http://www.openspaces.org/schema/sla"
       xsi:schemaLocation="http://www.springframework.org/schema/beans http://www.springframework.org/schema/beans/spring-beans.xsd
                           http://www.springframework.org/schema/context http://www.springframework.org/schema/context/spring-context.xsd
                           http://www.openspaces.org/schema/core http://www.openspaces.org/schema/core/openspaces-core.xsd
                           http://www.openspaces.org/schema/events http://www.openspaces.org/schema/events/openspaces-events.xsd
                           http://www.openspaces.org/schema/remoting http://www.openspaces.org/schema/remoting/openspaces-remoting.xsd
                           http://www.openspaces.org/schema/sla http://www.openspaces.org/schema/sla/openspaces-sla.xsd">

    <bean class="org.springframework.beans.factory.config.PropertyPlaceholderConfigurer">
        <property name="properties">
            <props>
                <prop key="LOOKUPLOCATORS"/>
            </props>
        </property>
    </bean>

    <!--

                    ANNOTATION AND COMPONENT SCAN CONFIGURATION

    -->

    <!-- Enable scan for OpenSpaces and Spring components -->
    <context:component-scan base-package="com.tricode.gigaspaces.rules.client"/>

    <os-core:annotation-support/>

    <os-remoting:annotation-support/>

    <context:annotation-config/>


    <!--

                   SPACE AND SLA CONFIGURATION

    -->
    <os-core:space id="space" url="jini://*/*/rules-space?locators=${LOOKUPLOCATORS}" lookup-groups="${LOOKUPGROUPS}"/>

    <!-- OpenSpaces simplified space API built on top of IJSpace/JavaSpace. -->
    <os-core:giga-space id="gigaSpace" space="space"/>

</beans>