<?xml version="1.0" encoding="UTF-8"?>
<beans xmlns="http://www.springframework.org/schema/beans"
	   xmlns:context="http://www.springframework.org/schema/context"
       xmlns:xsi="http://www.w3.org/2001/XMLSchema-instance"
       xmlns:os-core="http://www.openspaces.org/schema/core"
       xmlns:spring="http://www.springframework.org/schema/beans"
       xmlns:os-sla="http://www.openspaces.org/schema/sla"
       xsi:schemaLocation="http://www.springframework.org/schema/beans http://www.springframework.org/schema/beans/spring-beans.xsd
       http://www.springframework.org/schema/context http://www.springframework.org/schema/context/spring-context.xsd
       http://www.openspaces.org/schema/core http://www.openspaces.org/schema/core/openspaces-core.xsd
       http://www.openspaces.org/schema/events http://www.openspaces.org/schema/events/openspaces-events.xsd
       http://www.openspaces.org/schema/sla http://www.openspaces.org/schema/sla/openspaces-sla.xsd">

    <bean id="propertiesConfigurer" class="org.springframework.beans.factory.config.PropertyPlaceholderConfigurer">
        <property name="properties">
            <props>
                <prop key="numberOfTypes">100</prop>
            </props>
        </property>
    </bean>

    <bean id="verifierMonitor" class="com.mycompany.app.monitor.Monitor">
		<property name="monitoredPU" value="my-app-verifier" /> 
		<property name="highLimit" value="50" /> 
		<property name="lowLimit" value="10" /> 		
		<property name="state" value="0" /> 		
		<property name="maxInstances" value="5" /> 		
		<property name="minInstances" value="1" />
		<property name="sleeptimeBeforeNextCheckAfterScaleup" value="5000" /> 	
		<property name="sleeptimeBeforeNextCheckAfterScaledown" value="5000" /> 	
	</bean>

	<os-core:giga-space-context/>
	<os-core:space id="space" url="jini://*/*/space"/>
	<os-core:giga-space id="gigaSpace" space="space"/>

	<bean id="scheduledTask" class="org.springframework.scheduling.timer.ScheduledTimerTask" >
    	<!-- wait 1 seconds before starting repeated execution -->
    	<property name="delay" value="1000" />
    	<!-- run every 2 seconds -->
    	<property name="period" value="2000" />
    	<property name="timerTask" ref="verifierMonitor" />    	
    </bean>	
    
    <bean id="timerFactory" class="org.springframework.scheduling.timer.TimerFactoryBean">
		<property name="scheduledTimerTasks">
			<list>
				<!-- This wires the factory to the scheduledTask bean above -->
				<ref bean="scheduledTask" />
			</list>
		</property>
	</bean>    
</beans>
