<?xml version="1.0" encoding="UTF-8"?>
<beans xmlns="http://www.springframework.org/schema/beans"
	xmlns:xsi="http://www.w3.org/2001/XMLSchema-instance" xmlns:context="http://www.springframework.org/schema/context"
	xmlns:os-core="http://www.openspaces.org/schema/core" xmlns:os-events="http://www.openspaces.org/schema/events"
	xmlns:os-remoting="http://www.openspaces.org/schema/remoting"
	xsi:schemaLocation="http://www.springframework.org/schema/beans http://www.springframework.org/schema/beans/spring-beans.xsd
       http://www.springframework.org/schema/context http://www.springframework.org/schema/context/spring-context.xsd
       http://www.openspaces.org/schema/core http://www.openspaces.org/schema/core/openspaces-core.xsd
       http://www.openspaces.org/schema/events http://www.openspaces.org/schema/events/openspaces-events.xsd
       http://www.openspaces.org/schema/remoting http://www.openspaces.org/schema/remoting/openspaces-remoting.xsd">

	<bean id="propertyConfigurer"
		class="org.springframework.beans.factory.config.PropertyPlaceholderConfigurer">
		<property name="locations">
			<list>
				<!-- <value>classpath:gs-app.properties</value> -->
			</list>
		</property>
	</bean>

	<os-core:local-tx-manager id="transactionManager" space="space" />

	<os-core:space id="space" url="/./settlementSpace" mirror="true">
		<os-core:properties>
			<props>
				<prop key="space-config.QueryProcessor.date_format">MM/dd/yyyy HH:mm:ss</prop>
				<prop key="space-config.QueryProcessor.time_format">HH:mm:ss</prop>
			</props>
		</os-core:properties>
	</os-core:space>

	<os-core:giga-space id="gigaSpace" space="space"
		tx-manager="transactionManager" default-isolation="READ_COMMITTED" />

	<!-- Annotations -->
	<context:component-scan base-package="com.gigaspaces.settlement" />
	<context:annotation-config />

	<!-- Enables the usage of @GigaSpaceContext annotation based injection. -->
	<os-core:giga-space-context />

	<!-- Support the @RemotingService annotation on a service -->
	<os-remoting:annotation-support />
	<os-core:annotation-support />
	<os-events:annotation-support />
	
	<os-remoting:service-exporter id="serviceExporter" />

	<bean id="settlementAppDAO"
		class="com.gigaspaces.settlement.model.dao.gigaspaces.SettlementAppDAOGigaSpaces" />

</beans>