<?xml version="1.0" encoding="UTF-8"?>
<beans xmlns="http://www.springframework.org/schema/beans"
       xmlns:xsi="http://www.w3.org/2001/XMLSchema-instance"
       xmlns:os-gateway="http://www.openspaces.org/schema/core/gateway"
       xsi:schemaLocation="http://www.springframework.org/schema/beans
       http://www.springframework.org/schema/beans/spring-beans-3.0.xsd
       http://www.openspaces.org/schema/core/gateway
       http://www.openspaces.org/schema/8.0/core/gateway/openspaces-gateway.xsd">

    <os-gateway:delegator id="delegator" local-gateway-name="RU" gateway-lookups="gatewayLookups">
        <os-gateway:delegation target="US"/>
        <os-gateway:delegation target="DE"/>
    </os-gateway:delegator>

    <os-gateway:sink id="sink" local-gateway-name="RU" gateway-lookups="gatewayLookups"
                     local-space-url="jini://*/*/wanSpaceRU">
        <os-gateway:sources>
            <os-gateway:source name="DE"/>
            <os-gateway:source name="US"/>
        </os-gateway:sources>
    </os-gateway:sink>

    <os-gateway:lookups id="gatewayLookups">
        <os-gateway:lookup gateway-name="US" host="localhost" discovery-port="10768" communication-port="7000"/>
        <os-gateway:lookup gateway-name="DE" host="localhost" discovery-port="10769" communication-port="8000"/>
        <os-gateway:lookup gateway-name="RU" host="localhost" discovery-port="10770" communication-port="9000"/>
    </os-gateway:lookups>


</beans>


