<?xml version="1.0" encoding="UTF-8"?>
<beans xmlns="http://www.springframework.org/schema/beans"
	xmlns:xsi="http://www.w3.org/2001/XMLSchema-instance" xmlns:os-core="http://www.openspaces.org/schema/core"
	xmlns:os-events="http://www.openspaces.org/schema/events"
	xmlns:os-remoting="http://www.openspaces.org/schema/remoting"
	xmlns:os-sla="http://www.openspaces.org/schema/sla"
	xsi:schemaLocation="http://www.springframework.org/schema/beans http://www.springframework.org/schema/beans/spring-beans.xsd
       http://www.openspaces.org/schema/core http://www.openspaces.org/schema/core/openspaces-core.xsd
       http://www.openspaces.org/schema/events http://www.openspaces.org/schema/events/openspaces-events.xsd
       http://www.openspaces.org/schema/remoting http://www.openspaces.org/schema/remoting/openspaces-remoting.xsd
       http://www.openspaces.org/schema/sla http://www.openspaces.org/schema/sla/openspaces-sla.xsd">

	<os-core:giga-space-context />


	    <!--
        The processor bean
    -->
    <bean id="helloProcessor" class="org.openspaces.example.helloworld.processor.Processor"/>

    <!--
        A Polling Container bean that performs repeated take operations from the space of objects matching a defined template.
        (The take operations are by default blocking, which means a single take operation is waiting until a match is found)   
        The template here instructs the polling container to take objects of type Message with their "info" attribute set to "Hello ".
        When a match is found, the object is taken and passed to a listener bean - here the listener is the previously defined Processor bean.
        This bean has the method processMessage(), which is invoked on the taken object, retuning a processed object.
        After the object is processed, it is written back to the space by the Polling Container. 
    -->
    <os-events:polling-container id="helloProcessorPollingEventContainer" giga-space="gigaSpace">
    <os-events:tx-support tx-manager="transactionManager"/>
    <os-core:template>
        <bean class="org.openspaces.example.helloworld.common.Message">
            <property name="info" value="Hello "/>
        </bean>
    </os-core:template>
    <os-events:listener>
        <os-events:annotation-adapter>
            <os-events:delegate ref="helloProcessor"/>
        </os-events:annotation-adapter>
    </os-events:listener>
	</os-events:polling-container>
	
</beans>