<?xml version="1.0" encoding="UTF-8"?>
<beans xmlns="http://www.springframework.org/schema/beans"
       xmlns:xsi="http://www.w3.org/2001/XMLSchema-instance"
       xmlns:context="http://www.springframework.org/schema/context"
       xmlns:os-core="http://www.openspaces.org/schema/core"
       xmlns:os-events="http://www.openspaces.org/schema/events"
       xmlns:tx="http://www.springframework.org/schema/tx"       
       xmlns:os-remoting="http://www.openspaces.org/schema/remoting"
       xsi:schemaLocation="http://www.springframework.org/schema/beans http://www.springframework.org/schema/beans/spring-beans.xsd
       http://www.springframework.org/schema/context http://www.springframework.org/schema/context/spring-context.xsd
       http://www.springframework.org/schema/tx http://www.springframework.org/schema/tx/spring-tx-2.0.xsd  
       http://www.openspaces.org/schema/core http://www.openspaces.org/schema/core/openspaces-core.xsd
       http://www.openspaces.org/schema/events http://www.openspaces.org/schema/events/openspaces-events.xsd
       http://www.openspaces.org/schema/remoting http://www.openspaces.org/schema/remoting/openspaces-remoting.xsd">

	<os-core:annotation-support />
	<context:component-scan base-package="com.gigaspaces.idgenerator" />
    <os-core:giga-space-context/>
    <os-core:space id="space" url="/./mySpace" />
    <os-core:local-tx-manager id="transactionManager" space="space" />
	<tx:annotation-driven transaction-manager="transactionManager"   /> 	
    <os-core:giga-space id="gigaSpace" space="space" tx-manager="transactionManager"   />

<!-- ========================================================================================================== -->

	<bean id="IdObjectInitializer" class="com.gigaspaces.idgenerator.IdObjectInitializer"/> 

</beans>