<?xml version="1.0" encoding="UTF-8"?>
<beans xmlns="http://www.springframework.org/schema/beans"
	xmlns:xsi="http://www.w3.org/2001/XMLSchema-instance" xmlns:os-core="http://www.openspaces.org/schema/core"
	xmlns:os-events="http://www.openspaces.org/schema/events"
	xmlns:os-remoting="http://www.openspaces.org/schema/remoting"
	xmlns:os-sla="http://www.openspaces.org/schema/sla"
	xsi:schemaLocation="http://www.springframework.org/schema/beans http://www.springframework.org/schema/beans/spring-beans.xsd
       http://www.openspaces.org/schema/core http://www.openspaces.org/schema/core/openspaces-core.xsd
       http://www.openspaces.org/schema/events http://www.openspaces.org/schema/events/openspaces-events.xsd
       http://www.openspaces.org/schema/remoting http://www.openspaces.org/schema/remoting/openspaces-remoting.xsd
       http://www.openspaces.org/schema/sla http://www.openspaces.org/schema/sla/openspaces-sla.xsd">

	<bean
		class="org.springframework.beans.factory.config.PropertyPlaceholderConfigurer">
		<property name="locations">
			<value>classpath:mirror.properties</value>
		</property>
	</bean>

	<!-- An external data source that will be responsible for persisting changes 
		done -->
	<bean id="myDataSource" class="com.gigaspaces.datasource.MyExternalDataSource"
		init-method="initialize">
		<property name="remoteUrl" value="${remote.url}" />
	</bean>

	<!-- The mirror space. Uses my exteranl data source. Persists changes done 
		on the Space to the remote space. -->
	<os-core:space id="space" url="/./mirror-service" schema="mirror"
		external-data-source="myDataSource" />

</beans>