<?xml version="1.0" encoding="UTF-8"?>
<beans xmlns="http://www.springframework.org/schema/beans"
       xmlns:xsi="http://www.w3.org/2001/XMLSchema-instance"
       xmlns:os-core="http://www.openspaces.org/schema/core"
       xmlns:os-events="http://www.openspaces.org/schema/events"
       xmlns:os-remoting="http://www.openspaces.org/schema/remoting"
       xmlns:os-sla="http://www.openspaces.org/schema/sla"
       xsi:schemaLocation="http://www.springframework.org/schema/beans http://www.springframework.org/schema/beans/spring-beans.xsd
       http://www.openspaces.org/schema/core http://www.openspaces.org/schema/core/openspaces-core.xsd
       http://www.openspaces.org/schema/events http://www.openspaces.org/schema/events/openspaces-events.xsd
       http://www.openspaces.org/schema/remoting http://www.openspaces.org/schema/remoting/openspaces-remoting.xsd
       http://www.openspaces.org/schema/sla http://www.openspaces.org/schema/sla/openspaces-sla.xsd">

<!-- ========================================================================================================== -->

    <bean id="PrimaryBackupController" class="com.gigaspaces.admin.PrimaryBackupController" >
    	<property name="primaryZone" value="A" />
    	<property name="backupZone" value="B" />
    	<property name="locators" value="" />
    	<property name="groups" value="" />
    	<property name="puName" value="mySpace" />
    	<property name="delayBetweenChecks" value="60" />
    </bean>
</beans>