<?xml version="1.0" encoding="UTF-8"?>
<module rename-to='gwtblotter'>
  <!-- Inherit the core Web Toolkit stuff.                        -->
  <inherits name='com.google.gwt.user.User'/>

  <!-- Inherit the default GWT style sheet.  You can change       -->
  <!-- the theme of your GWT application by uncommenting          -->
  <!-- any one of the following lines.                            -->
  <inherits name='com.google.gwt.user.theme.standard.Standard'/>
  <!-- <inherits name='com.google.gwt.user.theme.chrome.Chrome'/> -->
  <!-- <inherits name='com.google.gwt.user.theme.dark.Dark'/>     -->

  <!-- Other module inherits                                      -->
  <inherits name='com.google.gwt.user.User'/>  
  <inherits name="com.google.gwt.core.Core"/>
  <inherits name="com.google.gwt.user.History"/>
  <inherits name="com.smartgwt.SmartGwt"/>
  <inherits name="com.smartgwt.tools.SmartGwtTools"/>
  <inherits name="com.smartclient.theme.enterprise.EnterpriseResources"/>
  <inherits name="com.smartclient.theme.enterpriseblue.EnterpriseBlueResources"/>
  <inherits name="com.smartclient.theme.graphite.GraphiteResources"/> 
  
<!--   <inherits name="com.allen_sauer.gwt.log.gwt-log-OFF" /> -->
   <inherits name="com.allen_sauer.gwt.log.gwt-log-DEBUG" />
  <!-- <inherits name="com.allen_sauer.gwt.log.gwt-log-RemoteLogger" /> -->
  
  <set-property name="log_WindowLogger" value="ENABLED" />

  <!--
    You'll probably want to disable the default `DivLogger` as well:
  -->
  <set-property name="log_DivLogger" value="DISABLED" />
          
  <!-- Specify the app entry point class.                         -->
  <entry-point class='com.gigaspaces.settlement.web.blotter.client.MainModule'/>

  <!-- Specify the paths for translatable code                    -->
  <source path='client'/>
  <source path='shared'/>

</module>
