<?xml version="1.0" encoding="UTF-8"?>
<beans xmlns="http://www.springframework.org/schema/beans"
      xmlns:xsi="http://www.w3.org/2001/XMLSchema-instance"
      xmlns:os-core="http://www.openspaces.org/schema/core"
      xmlns:os-events="http://www.openspaces.org/schema/events"
      xmlns:os-remoting="http://www.openspaces.org/schema/remoting"
      xmlns:os-sla="http://www.openspaces.org/schema/sla"
      xsi:schemaLocation="http://www.springframework.org/schema/beans http://www.springframework.org/schema/beans/spring-beans.xsd
      http://www.openspaces.org/schema/core http://www.openspaces.org/schema/core/openspaces-core.xsd
      http://www.openspaces.org/schema/events http://www.openspaces.org/schema/events/openspaces-events.xsd
      http://www.openspaces.org/schema/remoting http://www.openspaces.org/schema/remoting/openspaces-remoting.xsd
      http://www.openspaces.org/schema/sla http://www.openspaces.org/schema/sla/openspaces-sla.xsd">
   <!-- Spring property configurer which allows us to use system properties (such as user.name). -->
   <bean id="propertiesConfigurer"
         class="org.springframework.beans.factory.config.PropertyPlaceholderConfigurer"/>
   <!-- A bean representing a space (an IJSpace implementation)
        if embedded use a /./ if not use jini://*/*/                      -->
   <os-core:space id="space" url="/./space"/>

   <!-- OpenSpaces simplified space API built on top of IJSpace/JavaSpace. -->
   <os-core:giga-space id="gigaspace" space="space" tx-manager="transactionManager"/>

   <!-- SimpleServiceImpl Service -->
   <bean id="SimpleServiceImpl" class="example.eventremoting.service.SimpleServiceImpl">
    </bean>

   <os-remoting:service-exporter id="ServiceExporter" >
	<os-remoting:service ref="SimpleServiceImpl"/>
   </os-remoting:service-exporter> 

    <!--
        Defines a transaction manager - good to use anytime you do a take.
        When using a polling-container you effectively are doing a take even though your 
        code doesn't show it.
    -->
    <os-core:local-tx-manager id="transactionManager" space="space"/>

    <os-events:polling-container id="simpleServiceAsyncContainer" giga-space="gigaspace">
	    <os-events:listener ref="ServiceExporter" />
    	<os-events:tx-support tx-manager="transactionManager" tx-timeout="30000" />
    </os-events:polling-container> 

</beans>
