<?xml version="1.0" encoding="UTF-8"?>
<beans xmlns="http://www.springframework.org/schema/beans"
      xmlns:xsi="http://www.w3.org/2001/XMLSchema-instance"
      xmlns:os-core="http://www.openspaces.org/schema/core"
      xmlns:os-events="http://www.openspaces.org/schema/events"
      xmlns:os-remoting="http://www.openspaces.org/schema/remoting"
      xmlns:os-sla="http://www.openspaces.org/schema/sla"
      xsi:schemaLocation="http://www.springframework.org/schema/beans http://www.springframework.org/schema/beans/spring-beans.xsd
      http://www.openspaces.org/schema/core http://www.openspaces.org/schema/core/openspaces-core.xsd
      http://www.openspaces.org/schema/events http://www.openspaces.org/schema/events/openspaces-events.xsd
      http://www.openspaces.org/schema/remoting http://www.openspaces.org/schema/remoting/openspaces-remoting.xsd
      http://www.openspaces.org/schema/sla http://www.openspaces.org/schema/sla/openspaces-sla.xsd">
   <!-- Spring property configurer which allows us to use system properties (such as user.name). -->
   <bean id="propertiesConfigurer"
         class="org.springframework.beans.factory.config.PropertyPlaceholderConfigurer"/>

   <!-- A bean representing a space (an IJSpace implementation)
        if embedded use a /./ if not use jini://*/*/                      -->

   <os-core:space id="space" url="/./syncspace">
     <os-core:filter-provider ref="ServiceExporter"/>
     </os-core:space>

    <os-sla:sla cluster-schema="partitioned-sync2backup" number-of-instances="1" number-of-backups="1"
                max-instances-per-vm="1">
    </os-sla:sla>
                

   <bean id="AccountQuery" class="example.syncremoting.AccountQueryImpl"/>
   
   <os-remoting:service-exporter id="ServiceExporter">
     <os-remoting:service ref="AccountQuery"/>
     </os-remoting:service-exporter>
   
   <!-- OpenSpaces simplified space API built on top of IJSpace/JavaSpace. -->
   <os-core:giga-space id="syncspace" space="space"/>

   <os-core:giga-space-late-context/>
   
   
   <!-- AccountValidator Service -->
   <bean id="AccountValidator" class="example.syncremoting.AccountValidator">
    </bean>

    <!--
        Defines a local Jini transaction manager - good to use anytime you do a take.
        When using a polling-container you effectively are doing a take even though your 
        code doesn't show it.
    -->
    <os-core:local-tx-manager id="transactionManager" space="space"/>

    <!--
        A polling event container that performs (by default) polling take operations against
        the space using the provided template.
        Once a match is found, the data processor bean event listener is triggered using the
        annotation adapter.
    -->
    <os-events:polling-container id="AccountEventContainer" giga-space="syncspace">
        <os-events:tx-support tx-manager="transactionManager"/>
        <os-core:template>
            <bean class="example.syncremoting.common.Account">
                <property name="isProcessed" value="false"/>
            </bean>
        </os-core:template>
        <os-events:listener>
            <os-events:annotation-adapter>
                <os-events:delegate ref="AccountValidator"/>
            </os-events:annotation-adapter>
        </os-events:listener>
    </os-events:polling-container>
</beans>
