<?xml version="1.0" encoding="UTF-8"?>
<beans xmlns="http://www.springframework.org/schema/beans"
       xmlns:xsi="http://www.w3.org/2001/XMLSchema-instance"
       xmlns:os-core="http://www.openspaces.org/schema/core"
	xmlns:p="http://www.springframework.org/schema/p"

 	xsi:schemaLocation="http://www.springframework.org/schema/beans http://www.springframework.org/schema/beans/spring-beans.xsd
	       http://www.openspaces.org/schema/core http://www.openspaces.org/schema/core/openspaces-core.xsd">

	<bean id="viewResolver" class="org.springframework.web.servlet.view.InternalResourceViewResolver" p:prefix="/WEB-INF/jsp/" p:suffix=".jsp" />

    <!--	
	<bean id="myDataSource" class="org.apache.commons.dbcp.BasicDataSource" destroy-method="close">
		<property name="driverClassName" value="org.hsqldb.jdbcDriver"/>
		<property name="url" value="jdbc:hsqldb:hsql://localhost/xdb"/>
		<property name="username" value="sa"/>
		<property name="password" value=""/>
	</bean>
	
	<bean id="mySessionFactory" class="org.springframework.orm.hibernate3.annotation.AnnotationSessionFactoryBean">
		<property name="dataSource" ref="myDataSource" />
		<property name="annotatedClasses">
			<list>
				<value>com.vaannila.domain.User</value>
			</list>
		</property>
		<property name="hibernateProperties">
			<props>
                <prop key="hibernate.cache.provider_class">org.openspaces.hibernate.cache.SimpleMapCacheProvider</prop>
                <prop key="hibernate.cache.use_second_level_cache">true</prop>
				<prop key="gigaspace.hibernate.cache.url">jini://*/*/mySpace</prop>
				<prop key="hibernate.dialect">org.hibernate.dialect.HSQLDialect</prop>
				<prop key="hibernate.show_sql">true</prop>
				<prop key="hibernate.hbm2ddl.auto">update</prop>
			</props>
		</property>
	</bean>
	
	<bean id="myUserDAO" class="com.vaannila.dao.UserDAOImpl">
		<property name="sessionFactory" ref="mySessionFactory"/>
	</bean>
    -->
	
	<bean name="/user/*.htm" class="com.vaannila.web.UserController" >
		<property name="userDAO" ref="myUserSpaceDAO" />
	</bean>
	
	<os-core:space id="space" url="jini://*/*/mySpace" />
	<os-core:giga-space id="gigaSpace" space="space"/>

	<bean id="myUserSpaceDAO" class="com.vaannila.dao.UserDAOSpaceImpl">
		<property name="gigaspace" ref="gigaSpace"/>
	</bean>
		
</beans>
