<?xml version="1.0" encoding="UTF-8"?>
<beans xmlns="http://www.springframework.org/schema/beans"
       xmlns:xsi="http://www.w3.org/2001/XMLSchema-instance"
       xmlns:context="http://www.springframework.org/schema/context"
       xmlns:os-core="http://www.openspaces.org/schema/core"
       xmlns:os-events="http://www.openspaces.org/schema/events"
       xmlns:tx="http://www.springframework.org/schema/tx"       
       xmlns:os-remoting="http://www.openspaces.org/schema/remoting"
       xsi:schemaLocation="http://www.springframework.org/schema/beans http://www.springframework.org/schema/beans/spring-beans.xsd
       http://www.springframework.org/schema/context http://www.springframework.org/schema/context/spring-context.xsd
       http://www.springframework.org/schema/tx http://www.springframework.org/schema/tx/spring-tx-2.0.xsd  
       http://www.openspaces.org/schema/core http://www.openspaces.org/schema/core/openspaces-core.xsd
       http://www.openspaces.org/schema/events http://www.openspaces.org/schema/events/openspaces-events.xsd
       http://www.openspaces.org/schema/remoting http://www.openspaces.org/schema/remoting/openspaces-remoting.xsd">

<!-- ========================================================================================================== -->
	<bean id="eds" class="com.gigaspaces.util.mirror.monitor.Mirror" >
		<property name="spaceName" value="mySpace"  />  
		<property name="displayStats" value="true"  />  
		<property name="debug" value="true"  />  
		<property name="ide" value="true"  />  
	</bean> 
			
	<os-core:space id="mirror" url="/./mirror-service" schema="mirror" external-data-source="eds" />
	<os-core:annotation-support />
</beans>