<?xml version="1.0" encoding="UTF-8"?>
<beans xmlns="http://www.springframework.org/schema/beans"
       xmlns:xsi="http://www.w3.org/2001/XMLSchema-instance"
       xmlns:context="http://www.springframework.org/schema/context"
       xmlns:os-core="http://www.openspaces.org/schema/core"
       xmlns:os-events="http://www.openspaces.org/schema/events"
       xmlns:tx="http://www.springframework.org/schema/tx"
       xmlns:os-remoting="http://www.openspaces.org/schema/remoting"
       xsi:schemaLocation="http://www.springframework.org/schema/beans http://www.springframework.org/schema/beans/spring-beans.xsd
       http://www.springframework.org/schema/context http://www.springframework.org/schema/context/spring-context.xsd
       http://www.openspaces.org/schema/core http://www.openspaces.org/schema/core/openspaces-core.xsd
       http://www.springframework.org/schema/tx http://www.springframework.org/schema/tx/spring-tx-2.5.xsd
       http://www.openspaces.org/schema/events http://www.openspaces.org/schema/events/openspaces-events.xsd
       http://www.openspaces.org/schema/remoting http://www.openspaces.org/schema/remoting/openspaces-remoting.xsd">

	<tx:annotation-driven transaction-manager="transactionManager"/>
	
	<os-core:distributed-tx-manager id="transactionManager" />

	<!-- Enable scan for OpenSpaces and Spring components -->
	<context:component-scan base-package="org.openspaces.calcengine.masterworker"/>
	<!-- Enable support for @Polling annotation -->
	<os-events:annotation-support />
	
	<os-core:space id="space" url="jini://*/*/CalcDataGrid" />
	<os-core:giga-space id="gigaSpace" space="space"  tx-manager="transactionManager" />
	<os-core:giga-space-context/>
    <os-remoting:annotation-support/>
	
    <!-- 
	<os-core:local-cache id="localCacheSpace" space="space">
	    <os-core:properties>
	        <props>
	            <prop key="space-config.filters.Statistics.enabled">false</prop>
	        </props>
	    </os-core:properties>
	</os-core:local-cache>
	
	<os-core:giga-space id="gigaSpaceLocalCache" space="localCacheSpace" tx-manager="transactionManager"/>
	
     <bean id="gsClientCacheMonitor" 
    	class="com.gigaspaces.clientcachemonitor.GigaSpacesClientCacheJMXMonitor">
    	<property name="gigaSpaceList" > 
	    	 <list>
	           <ref bean="gigaSpaceLocalCache"/>
	         </list>
		</property>    	
    </bean>
    -->
</beans>