<?xml version="1.0" encoding="UTF-8"?>
<beans xmlns="http://www.springframework.org/schema/beans"
       xmlns:xsi="http://www.w3.org/2001/XMLSchema-instance"
       xmlns:os-core="http://www.openspaces.org/schema/core"
       xmlns:os-events="http://www.openspaces.org/schema/events"
       xmlns:os-remoting="http://www.openspaces.org/schema/remoting"
       xmlns:os-sla="http://www.openspaces.org/schema/sla"
       xsi:schemaLocation="http://www.springframework.org/schema/beans http://www.springframework.org/schema/beans/spring-beans.xsd
       http://www.openspaces.org/schema/core http://www.openspaces.org/schema/core/openspaces-core.xsd
       http://www.openspaces.org/schema/events http://www.openspaces.org/schema/events/openspaces-events.xsd
       http://www.openspaces.org/schema/remoting http://www.openspaces.org/schema/remoting/openspaces-remoting.xsd
       http://www.openspaces.org/schema/sla http://www.openspaces.org/schema/sla/openspaces-sla.xsd">

    <bean id="propertiesConfigurer" class="org.springframework.beans.factory.config.PropertyPlaceholderConfigurer">
    </bean>

    <!--
        Space Bean.
    -->
    <os-core:space id="space" url="/./mySpace">
        <os-core:properties>
            <props>
                <!-- Use ALL IN CACHE -->
                <prop key="space-config.engine.cache_policy">1</prop>
            </props>
        </os-core:properties>
    </os-core:space>

	<os-core:giga-space id="gigaSpace" space="space" tx-manager="transactionManager"/>

	<os-core:local-tx-manager id="transactionManager" space="space" default-timeout="5000" />

    <!--
        A polling event container that perfoms (by default) polling take operations against
        the space using the provided template (in our case, and the non processed data objects).
        Once a match is found, the data processor bean event listener is triggered using the
        annotation adapter.
    -->
    <os-events:polling-container id="orderProcessorPollingEventContainer" giga-space="gigaSpace" pass-array-as-is="true" receive-timeout="1000">
        <os-events:tx-support tx-manager="transactionManager"/>
        <os-events:receive-operation-handler>
    	    <bean class="org.openspaces.events.polling.receive.MultiTakeReceiveOperationHandler">
    	    	<property name="maxEntries"><value>1000</value></property>
    	    </bean>
    	</os-events:receive-operation-handler>
    
        <os-core:template>
            <bean class="com.gigaspaces.domain.Order">
                <property name="processed" value="false"/>
            </bean>
        </os-core:template>
        <os-events:listener>
            <os-events:annotation-adapter>
                <os-events:delegate ref="orderProcessor"/>
            </os-events:annotation-adapter>
        </os-events:listener>
    </os-events:polling-container>

	<!--  
		Application beans  
	-->
    <bean id="ec" class="com.gigaspaces.domain.EvictionConfig">    
    	<property name="evictionStartThreshold"><value>70</value></property>
    	<property name="evictionStopThreshold"><value>60</value></property>
    	<property name="evictionClasses">
            <list>
                <value>com.gigaspaces.domain.Order</value>
            </list>
    	</property>
    </bean>

    <bean id="myEvictor" class="com.gigaspaces.eviction.EvictionManager">
    	<property name="gs" ref="gigaSpace"></property>
    	<property name="tm" ref="transactionManager"></property>
    	<property name="ec" ref="ec"></property>
    </bean>
    
    <!--
        The order processor bean
    -->
    <bean id="orderProcessor" class="com.gigaspaces.processor.Processor">
    	<property name="workDuration"><value>10</value></property>
    </bean>

</beans>