<?xml version="1.0" encoding="UTF-8"?>
<beans xmlns="http://www.springframework.org/schema/beans"
       xmlns:xsi="http://www.w3.org/2001/XMLSchema-instance"
       xmlns:context="http://www.springframework.org/schema/context"
       xmlns:tx="http://www.springframework.org/schema/tx"
       xmlns:os-core="http://www.openspaces.org/schema/core"
       xmlns:os-jms="http://www.openspaces.org/schema/jms"
       xmlns:os-events="http://www.openspaces.org/schema/events"
       xmlns:os-remoting="http://www.openspaces.org/schema/remoting"
       xmlns:os-sla="http://www.openspaces.org/schema/sla"
       xsi:schemaLocation="http://www.springframework.org/schema/beans http://www.springframework.org/schema/beans/spring-beans.xsd
                           http://www.springframework.org/schema/context http://www.springframework.org/schema/context/spring-context.xsd
                           http://www.springframework.org/schema/tx http://www.springframework.org/schema/tx/spring-tx.xsd
                           http://www.openspaces.org/schema/core http://www.openspaces.org/schema/core/openspaces-core.xsd
                           http://www.openspaces.org/schema/events http://www.openspaces.org/schema/events/openspaces-events.xsd
                           http://www.openspaces.org/schema/remoting http://www.openspaces.org/schema/remoting/openspaces-remoting.xsd
                           http://www.openspaces.org/schema/sla http://www.openspaces.org/schema/sla/openspaces-sla.xsd
                           http://www.openspaces.org/schema/jms http://www.openspaces.org/schema/jms/openspaces-jms.xsd
                           ">

    <bean class="org.springframework.beans.factory.config.PropertyPlaceholderConfigurer">
        <property name="properties">
            <props>
                <prop key="LOOKUPLOCATORS"/>
            </props>
        </property>
    </bean>

    <!--

             ANNOTATION AND COMPONENT SCAN CONFIGURATION

    -->

    <!-- Enable scan for OpenSpaces and Spring components -->
    <context:component-scan base-package="com.tricode.gigaspaces.rules.space"/>

    <!-- Enables the usage of @GigaSpaceContext annotation based injection. -->
    <os-core:giga-space-context/>

    <!--  Enables Spring Annotation configuration  -->
    <context:annotation-config/>

    <!-- Enables using @Polling and @Notify annotations -->
    <os-events:annotation-support/>

    <!-- Enables using @RemotingService as well as @ExecutorProxy (and others) annotations -->
    <os-remoting:annotation-support/>

    <!-- Enables using @PreBackup, @PostBackup and other annotations -->
    <os-core:annotation-support/>

    <!--

             SPACE AND SLA CONFIGURATION

    -->

    <os-core:space id="space"
                   url="/./rules-space?locators=${LOOKUPLOCATORS}"
                   lookup-groups="${LOOKUPGROUPS}"/>

    <os-core:giga-space id="gigaSpace" space="space" tx-manager="transactionManager"/>

    <!-- Defines a local Jini transaction manager. -->
    <os-core:local-tx-manager id="transactionManager" space="space"/>

    <!--Add service exporter for remoting services-->
    <os-remoting:service-exporter id="serviceExporter"/>

</beans>