<configuration>

    <appender name="FILE" class="ch.qos.logback.core.rolling.RollingFileAppender">
        <file>gateway-cli.log</file>
        <rollingPolicy class="ch.qos.logback.core.rolling.FixedWindowRollingPolicy">
            <fileNamePattern>logs/mylog.%i.log.zip</fileNamePattern>
            <minIndex>1</minIndex>
            <maxIndex>20</maxIndex>
        </rollingPolicy>

        <triggeringPolicy class="ch.qos.logback.core.rolling.SizeBasedTriggeringPolicy">
            <maxFileSize>5GB</maxFileSize>
        </triggeringPolicy>
        <encoder>
            <pattern>%msg%n</pattern>
        </encoder>
    </appender>

    <appender name="STDOUT" class="ch.qos.logback.core.ConsoleAppender">
        <encoder>
            <pattern>%msg%n</pattern>
        </encoder>
    </appender>

    <root level="debug">
        <appender-ref ref="FILE" />
        <appender-ref ref="STDOUT" />
    </root>

</configuration>