<assembly>
  <id>assemble-pu</id>
  <formats>
    <format>jar</format>
    <format>dir</format>
  </formats>
  <includeBaseDirectory>false</includeBaseDirectory>
  <fileSets>
    <fileSet>
      <directory>.target/classes</directory>
      <lineEnding>keep</lineEnding>
      <outputDirectory>/</outputDirectory>
      <includes>
        <include>**/**</include>
      </includes>
    </fileSet>
	 <fileSet>
      <directory>src/main/resources</directory>
      <lineEnding>keep</lineEnding>
      <outputDirectory>/</outputDirectory>
      <includes>
        <include>**/**</include>
      </includes>
    </fileSet>
  </fileSets>
  <dependencySets>
  </dependencySets>
</assembly>