<?xml version="1.0" encoding="UTF-8"?>
<beans xmlns="http://www.springframework.org/schema/beans"
	xmlns:xsi="http://www.w3.org/2001/XMLSchema-instance" xmlns:os-core="http://www.openspaces.org/schema/core"
	xmlns:os-events="http://www.openspaces.org/schema/events"
	xmlns:os-remoting="http://www.openspaces.org/schema/remoting"
	xmlns:os-sla="http://www.openspaces.org/schema/sla"
	xsi:schemaLocation="http://www.springframework.org/schema/beans http://www.springframework.org/schema/beans/spring-beans.xsd
       http://www.openspaces.org/schema/core http://www.openspaces.org/schema/core/openspaces-core.xsd
       http://www.openspaces.org/schema/events http://www.openspaces.org/schema/events/openspaces-events.xsd
       http://www.openspaces.org/schema/remoting http://www.openspaces.org/schema/remoting/openspaces-remoting.xsd
       http://www.openspaces.org/schema/sla http://www.openspaces.org/schema/sla/openspaces-sla.xsd">

	<bean id="propertiesConfigurer"
		class="org.springframework.beans.factory.config.PropertyPlaceholderConfigurer" />

	<!-- A JDBC datasource pool that connects to HSQL. -->
	<bean id="dataSource" class="org.apache.commons.dbcp.BasicDataSource"
		destroy-method="close">
		<property name="driverClassName" value="org.hsqldb.jdbcDriver" />
		<property name="url" value="jdbc:hsqldb:hsql://localhost/xdb" />
		<property name="username" value="sa" />
		<property name="password" value="" />
	</bean>

	<!-- Hibernate SessionFactory bean. Uses the pooled data source to connect 
		to the database. -->
	<bean id="sessionFactory"
		class="org.springframework.orm.hibernate3.LocalSessionFactoryBean">
		<property name="dataSource" ref="dataSource" />
		<property name="mappingResources">
			<list>
				<value>com/gigaspaces/settlement/model/Trade.hbm.xml</value>
				<value>com/gigaspaces/settlement/model/MatchedDeal.hbm.xml</value>
			</list>
		</property>
		<property name="hibernateProperties">
			<props>
				<prop key="hibernate.dialect">org.hibernate.dialect.HSQLDialect</prop>
				<prop key="hibernate.cache.provider_class">org.hibernate.cache.NoCacheProvider</prop>
				<prop key="hibernate.cache.use_second_level_cache">false</prop>
				<prop key="hibernate.cache.use_query_cache">false</prop>
				<prop key="hibernate.hbm2ddl.auto">create</prop>
			</props>
		</property>
	</bean>

	<!-- An external data source that will be responsible for persisting changes 
		done on the cluster that connects to this mirror using Hiberante. -->
	<bean id="hibernateDataSource"
		class="org.openspaces.persistency.hibernate.DefaultHibernateExternalDataSource">
		<property name="sessionFactory" ref="sessionFactory" />
	</bean>

	<!-- The mirror space. Uses the Hiberante exteranl data source. Persists 
		changes done on the Space that connects to this mirror space into the database 
		using Hibernate. -->
	<os-core:space id="space" url="/./mirror-service" schema="mirror"
		external-data-source="hibernateDataSource">
		<os-core:properties>
			<props>
				<prop key="space-config.mirror-service.cluster.name">settlementSpace</prop>
			</props>
		</os-core:properties>
	</os-core:space>
</beans>