<?xml version="1.0" encoding="UTF-8"?>
<beans xmlns="http://www.springframework.org/schema/beans"
       xmlns:xsi="http://www.w3.org/2001/XMLSchema-instance"
       xmlns:os-core="http://www.openspaces.org/schema/core"
       xmlns:os-events="http://www.openspaces.org/schema/events"
       xmlns:os-remoting="http://www.openspaces.org/schema/remoting"
       xmlns:os-sla="http://www.openspaces.org/schema/sla"
       xsi:schemaLocation="http://www.springframework.org/schema/beans http://www.springframework.org/schema/beans/spring-beans.xsd
       http://www.openspaces.org/schema/core http://www.openspaces.org/schema/core/openspaces-core.xsd
       http://www.openspaces.org/schema/events http://www.openspaces.org/schema/events/openspaces-events.xsd
       http://www.openspaces.org/schema/remoting http://www.openspaces.org/schema/remoting/openspaces-remoting.xsd
       http://www.openspaces.org/schema/sla http://www.openspaces.org/schema/sla/openspaces-sla.xsd">


    <!--
        Spring propery configurer which allows us to use system properties (such as user.name).
    -->
    <bean id="propertiesConfigurer" class="org.springframework.beans.factory.config.PropertyPlaceholderConfigurer">
        <property name="properties">
            <props>
                <prop key="numberOfTypes">100</prop>
            </props>
        </property>
    </bean>

    <!--
        A bean representing a space (an IJSpace implementation).

        Note, we perform a lookup on the space since we are working against a remote space.
    -->
    <os-core:space id="space" url="jini://*/*/settlementSpace" />

    <!--
        OpenSpaces simplified space API built on top of IJSpace/JavaSpace.
    -->
    <os-core:giga-space id="gigaSpace" space="space"/>

    <!--
        The Data feeder bean, writing new Data objects to the space in a constant interval.
    -->
    <bean id="tradeMonitor" class="com.gigaspaces.settlement.monitor.TradeMonitor" depends-on="gigaSpace">
        <property name="defaultDelay" value="5000" />
        <property name="gigaSpace" ref="gigaSpace" />
        <property name="scaleUpThreshold" value="50"/>
    </bean>
    
</beans>