<assembly>
    <id>assemble-pu</id>
    <formats>
        <format>jar</format>
        <format>dir</format>
    </formats>
    <includeBaseDirectory>false</includeBaseDirectory>
    <fileSets>
        <fileSet>
            <directory>target/classes</directory>
            <lineEnding>keep</lineEnding>
            <outputDirectory>/</outputDirectory>
            <includes>
                <include>**/**</include>
            </includes>
        </fileSet>
    </fileSets>
    <dependencySets>
        <dependencySet>
            <useProjectArtifact>false</useProjectArtifact>
            <useTransitiveDependencies>true</useTransitiveDependencies>
            <useTransitiveFiltering>true</useTransitiveFiltering>
            <outputDirectory>lib</outputDirectory>
            <includes>
            </includes>
        </dependencySet>
    </dependencySets>
</assembly>