<?xml version="1.0" encoding="UTF-8"?>
<beans xmlns="http://www.springframework.org/schema/beans"
      xmlns:xsi="http://www.w3.org/2001/XMLSchema-instance"
      xmlns:os-core="http://www.openspaces.org/schema/core"
      xmlns:os-events="http://www.openspaces.org/schema/events"
      xmlns:os-remoting="http://www.openspaces.org/schema/remoting"
      xmlns:os-sla="http://www.openspaces.org/schema/sla"
      xsi:schemaLocation="http://www.springframework.org/schema/beans http://www.springframework.org/schema/beans/spring-beans.xsd
      http://www.openspaces.org/schema/core http://www.openspaces.org/schema/core/openspaces-core.xsd
      http://www.openspaces.org/schema/events http://www.openspaces.org/schema/events/openspaces-events.xsd
      http://www.openspaces.org/schema/remoting http://www.openspaces.org/schema/remoting/openspaces-remoting.xsd
      http://www.openspaces.org/schema/sla http://www.openspaces.org/schema/sla/openspaces-sla.xsd">
	<bean id="propertiesConfigurer"
		class="org.springframework.beans.factory.config.PropertyPlaceholderConfigurer" />
	<!-- A bean representing a space (an IJSpace implementation)
        if embedded use a /./ if not use jini://*/*/   -->
	<os-core:space id="space" url="jini://*/*/space" />
	<os-core:giga-space id="gigaspace" space="space" default-write-lease="600000"/>

    <os-remoting:event-driven-proxy id="SimpleService" 
      giga-space="gigaspace" 
      interface="example.eventremoting.common.SimpleService" 
	  timeout="15000" />

	<!-- AsyncClient Service -->	
	<bean id="EventRemotingClient" class="example.eventremoting.client.EventRemotingClient">
	    <property name="service" ref="SimpleService"/>
	</bean>
	
	<bean id="scheduledTask" class="org.springframework.scheduling.timer.ScheduledTimerTask" >
    	<!-- wait 1 seconds before starting repeated execution -->
    	<property name="delay" value="1000" />
    	<!-- run every 2 seconds -->
    	<property name="period" value="2000" />
    	<property name="timerTask" ref="EventRemotingClient" />    	
    </bean>	
    
    <bean id="timerFactory" class="org.springframework.scheduling.timer.TimerFactoryBean">
    <property name="scheduledTimerTasks">
        <list>
            <!-- This wires the factory to the scheduledTask bean above -->
            <ref bean="scheduledTask" />
        </list>
    </property>
</bean>
</beans>
